trade_date,symbol,company_name,sector,direction,percent_change,reason,reason_type,confidence,evidence_urls,reason_provider,hit,pnl_pct
2026-03-08,IRCON,Ircon International Limited,Civil Construction,up,9.67,Ircon International Limited surged 9.7% after IRCON-RVNL merger proposal. (Source: Moneycontrol),Corporate Action,95,https://www.moneycontrol.com/news/business/markets/railway-psu-shares-rally-up-to-11-on-report-of-mega-rvnl-ircon-merger-13852855.html | https://news.google.com/rss/articles/CBMizwFBVV95cUxNVURXcUh6clFEcUhES28xRTJ6c0V5UWtNa2RPMHROaW0yNjZoclFySXEwZGlsVTRZT3VZMVV6M0xPODBBMm5BN3VnaW5GMjVCTlU4Y2E0MjdTWi12bDV2VkNHNEVpc3R1S2RibGE4OTZJQ0VkSklRU0JaenYxMnYxV3FPWjBsSXdzU3dDS29RNFhyR2hldnN1TWo3VmZ4WmVIRmVDZXJzb3NJOUZqR1FWdzVvWUl0THB5QkM5eDJoc0lfRGxybjF4eFF3RXBWcTjSAdQBQVVfeXFMT1FWejdobGZtaGVGejBBaEtVZlpRVGI4TC12bmRveF9lbEhGNnpJczJGQVk4d011NW1qVUw2bDJoeGpYZVVuLXFJRFA4YjJxNENjdTR6b1EyLUYzXzdZQXBpNXNnR1FLb0JIVWNoMHN1eGJTZEZreFFpelZreW5EbU1iU3JHMklMYkVjQnUwTUpvRFdBd1diMmo4N1dIdFI4YkRVZGpkeHRkM0JldHlSd2R1U3FLU19FcEZfSkV1Z2pEYkRjWlNwMzU5cnFGZGkxcHIyRS0?oc=5,scraper,,
2026-03-08,RADICO,Radico Khaitan Limited,Breweries & Distilleries,up,8.52,Radico Khaitan Limited surged 8.5% after Market View. (Source: Moneycontrol),General News,71,https://news.google.com/rss/articles/CBMigAFBVV95cUxOMjNNNVFOMWRkeEljamRlM0tVNkNnQ1FSS1BmWFdlWUFramhHU2FwemQ4ZTFwUW9mN1ktV0RPT2lMMUZuZUxCWmw0VGJKb1Y4T01zVXA1aEh6bW1aUjdCSUVmT0NwWEtxQ0dPZE9TX2JZdW5aZkpoaU1uY0V5TV9NSg?oc=5 | https://www.moneycontrol.com/msite/incred-money/,scraper,,
2026-03-08,AEGISVOPAK,Aegis Vopak Terminals Limited,Oil Storage & Transportation,up,5.93,Aegis Vopak Terminals Limited surged 5.9% after the Aegis Vopak Terminals Limited's IPO - ETLegalWorld. (Source: Economic Times Markets),General News,71,https://news.google.com/rss/articles/CBMi0wFBVV95cUxOUTNpR19OVU52ejFKUW5TeG50Z1VBdllCUVZyaGxhUTFMLVpKN0pKV2x6NTZBZnZXYjZ3RU1LbTJ1a3ZEcU1sLWpQaWUtZ2pfZHZQMTdzVGFlSWt2LWJVcVdGQ05fWFVxSW9iNnprNFdIbUE3V1gxNk5NY3l1S2hKX0JIc3BTRXF6bEtxSTZJMzdHVC1QN3F1NC1mSHFfYzZmOXctUC1KRkUweFJ1RC1Xdmw5VXNFOGNWTm5Udnh6dDQ3am5LR1BDcWd2TkR6VTVmTkpJ0gHYAUFVX3lxTFBQejJLT3FsY0dJWE9hR19JdTRXc1p4dk9PMnBfSE1WcHB1SHRfckUzVWRsWk5RR0lpQV82bDlFUHludXdDZ3MxU0hTUTFwWkxHOFNtVm5GZFQ1eUtWYl9KY21YRXIzdUpyMEhHVXpTU2JmT0JFRks2RlU5dEtQclBDcXlKZkJaQmlRaUtWMnFNV0Iwc0ZkSE1xcEhDek1vNTVHcEJJanQzMFdJaEJZRFhyTlpWeW9uNFpjV2tlWVJ2VVVuM0xXc1RYeTFpZFNqMWNCdEhyR2NlNQ?oc=5 | https://www.moneycontrol.com/msite/incred-money/,scraper,,
2026-03-08,BDL,Bharat Dynamics Limited,Aerospace & Defense,up,5.81,Bharat Dynamics Limited surged 5.8% after the Stock Exchanges like BSE. (Source: Moneycontrol),General News,63,https://www.moneycontrol.com/msite/incred-money/ | https://www.moneycontrol.com/news/business/markets/broader-markets-bleed-as-mid-smallcaps-lag-70-stocks-plunge-in-double-digits-13853545.html,scraper,,
2026-03-08,MAZDOCK,Mazagon Dock Shipbuilders Limited,Ship Building & Allied Services,up,5.33,Mazagon Dock Shipbuilders Limited surged 5.3% after the Stock Exchanges like BSE. (Source: Moneycontrol),General News,63,https://www.moneycontrol.com/msite/incred-money/ | https://www.moneycontrol.com/news/business/markets/broader-markets-bleed-as-mid-smallcaps-lag-70-stocks-plunge-in-double-digits-13853545.html,scraper,,
2026-03-08,GRSE,Garden Reach Shipbuilders & Engineers Limited,Aerospace & Defense,up,5.02,Garden Reach Shipbuilders & Engineers Limited surged 5.0% after advancing 2. (Source: Moneycontrol),General News,79,https://www.moneycontrol.com/news/business/markets/bel-grse-other-defence-shares-rise-up-to-7-amid-escalating-west-asia-conflict-13852695.html | https://news.google.com/rss/articles/CBMi2gFBVV95cUxQYlR0UmJxUzltUldQS2tOZ1Z2UHJEbHltbU5HYktNclB4eU1Jc3BVdGppREFhWVRHam55cVlHVHlTLWJXU0VqQWNYV3JpUW5VWVYyRzJCbUIybjFWR1hVU0xxRDliWE9Pb0xDX29fUmF1M05xaUhRTWZXVUR3aU9aNHlCRE5DZEIxdUI3Y3ZlU2hiU0JQb1VmOE1HeFp1QmNPX09DdE9GN1RLVDJocWFZVHpaa05Ec1A3YThuQmdUeXRsR21tSVlKR01xV2VHN21pdVVkekFIa1YyQdIB3wFBVV95cUxQdTkwMWZNSlp3M1hocTc5c3Y1bnhmS0IwT0V0aHZaZE1wemdYdGdHQktqdzJIRXUwVFhkVkt2OTJJRW5kbmNvenY4azZkSnJ3TzlCeGd4WlFTcGt0dExhQTBuYktsbFJIVmlTRWViRDl6VTRZM0ZMSm55bElaN1BNQ0FaQW5WZ21HUkVWTWRBbWJwTzVYdm9MWE1zRFpZeksxZjd0ZEZOSEszdW9DcVdRTGk4MkVrTzU2U1V5TVdpX0ZIbDMxT3l2cHRVWnBQTG5uVmhHYXBTc1RnSUNCRl9j?oc=5,scraper,,
2026-03-08,MRPL,Mangalore Refinery and Petrochemicals Limited,Refineries & Marketing,up,5.02,Mangalore Refinery and Petrochemicals Limited surged 5.0% after West Asia oil disruption - Moneycontrol. (Source: Moneycontrol),General News,71,https://news.google.com/rss/articles/CBMi1AFBVV95cUxOQ0xQTVdPcW4zLXF3UENmdTVhNzZtV0FwejhEUmNtMTFIeVVoaVo4Z09CVVRnRjlVMXRzdjFkQ3RUR2RXWmI2eWNnZ2hTWXZtM3h2RXhic3BweXdDTVdsTG5qUGF2V0lGbnY0OE9ZY3hIX1dVTDBrYjJHQUIyYWRaNEZqOTNyeFZ4QnNvSEFuakx0dm9EZW5SWkFacGNGbUJySlYyVXZEbUxFTmhjQng2YkpDU2xxM0F4SVFfUUhhZk1UUUpGam5QOVhnaUhPUy00b3pMRNIB2gFBVV95cUxNcEZmU3VHQUhDUUhGLTF6Yk1TMjQwV3g3RkpUamstQ1VDelZkOFBKVlVnS0xYVVQxN3NINU1fZE8wUERxVmR5U3YyRUxrNmNwMlRuVDdvYl9MbWpYZGVFSUg3b2t4Z2dGcEx1VXU4QjlzVTg2SlN5ZVcxck5ZSzlULS16T0U0dU1aRUFJMFM3VHAyVkdDVEx3czJWUEhfVVVrbHd3WXpZMWxhcTFSbWRnaWZ4b1lrZm90R2dIUFFLeEwxWFFHcUVhQWtseDNvWFFjMTU1MFNPRlpLZw?oc=5 | https://news.google.com/rss/articles/CBMixwFBVV95cUxPTGJYY3d1VzhISFVmVmhZZUtxNXVsZTd6RTRINGl2UmRPRFhXMzZkTFpNX3YtdVpSU01PZXludDAya0tlMmFneWxDVlltaVFUeTNjb3AzQ2ItR0tYUkdyVVhrN0ZCRHpRX2YteGxLOVFaMXJidDQwMHRTYzg0a0dhemZxeGpDNC1NM1BLNU5xQ3diZ2Q3Q0hBdW5GT1c5aVNxU1pMSFRyQVVEanpCMFBtRURSWlNHWUxfNVRZQ2xFZnFyQzQtRXk40gHMAUFVX3lxTE5wUC12anlycVZMYVRSVTFkYW5nVC1EamJudkhkWC1YTWoxUk13ZTF1OG5mTzEtTGRpbkx2Mjc1WFpVRDh5WDRlc1ZLTURLTU5oTG90MWUwZTZVVGtva2pzYk5RSUxxMmwyY0ZzU3g5NE03Rl8xWUtnUVlJRWhwaWdKbWxQcUpIblBSUHJQVWwyTzRCNnc2WXptTUs0OFlkQlNaSDJ1TXBIbkNSRnpLN2JMQlc3N05lNHZjV2N3OEp3RHJKeF9EMVhkYV9RWg?oc=5,scraper,,
2026-03-08,TEJASNET,Tejas Networks Limited,Telecom - Equipment & Accessories,down,-6.19,Tejas Networks Limited declined 6.2% after past performance of any securities in no way guarantees the performance of the security or provides any assurance of returns to investors. (Source: Moneycontrol),Negative Momentum,79,https://www.moneycontrol.com/india/stockpricequote/telecommunications-equipment/tejasnetworks/TN | https://www.moneycontrol.com/msite/incred-money/,scraper,,
2026-03-08,IRCON,Ircon International Limited,Civil Construction,up,9.67,Ircon International Limited surged 9.7% after IRCON-RVNL merger proposal. (Source: Moneycontrol),Corporate Action,95,https://www.moneycontrol.com/news/business/markets/railway-psu-shares-rally-up-to-11-on-report-of-mega-rvnl-ircon-merger-13852855.html | https://news.google.com/rss/articles/CBMizwFBVV95cUxNVURXcUh6clFEcUhES28xRTJ6c0V5UWtNa2RPMHROaW0yNjZoclFySXEwZGlsVTRZT3VZMVV6M0xPODBBMm5BN3VnaW5GMjVCTlU4Y2E0MjdTWi12bDV2VkNHNEVpc3R1S2RibGE4OTZJQ0VkSklRU0JaenYxMnYxV3FPWjBsSXdzU3dDS29RNFhyR2hldnN1TWo3VmZ4WmVIRmVDZXJzb3NJOUZqR1FWdzVvWUl0THB5QkM5eDJoc0lfRGxybjF4eFF3RXBWcTjSAdQBQVVfeXFMT1FWejdobGZtaGVGejBBaEtVZlpRVGI4TC12bmRveF9lbEhGNnpJczJGQVk4d011NW1qVUw2bDJoeGpYZVVuLXFJRFA4YjJxNENjdTR6b1EyLUYzXzdZQXBpNXNnR1FLb0JIVWNoMHN1eGJTZEZreFFpelZreW5EbU1iU3JHMklMYkVjQnUwTUpvRFdBd1diMmo4N1dIdFI4YkRVZGpkeHRkM0JldHlSd2R1U3FLU19FcEZfSkV1Z2pEYkRjWlNwMzU5cnFGZGkxcHIyRS0?oc=5,scraper,,
2026-03-08,RADICO,Radico Khaitan Limited,Breweries & Distilleries,up,8.52,Radico Khaitan Limited surged 8.5% after Market View. (Source: Moneycontrol),General News,71,https://news.google.com/rss/articles/CBMigAFBVV95cUxOMjNNNVFOMWRkeEljamRlM0tVNkNnQ1FSS1BmWFdlWUFramhHU2FwemQ4ZTFwUW9mN1ktV0RPT2lMMUZuZUxCWmw0VGJKb1Y4T01zVXA1aEh6bW1aUjdCSUVmT0NwWEtxQ0dPZE9TX2JZdW5aZkpoaU1uY0V5TV9NSg?oc=5 | https://www.moneycontrol.com/msite/incred-money/,scraper,,
2026-03-08,AEGISVOPAK,Aegis Vopak Terminals Limited,Oil Storage & Transportation,up,5.93,Aegis Vopak Terminals Limited surged 5.9% after the Aegis Vopak Terminals Limited's IPO - ETLegalWorld. (Source: Economic Times Markets),General News,71,https://news.google.com/rss/articles/CBMi0wFBVV95cUxOUTNpR19OVU52ejFKUW5TeG50Z1VBdllCUVZyaGxhUTFMLVpKN0pKV2x6NTZBZnZXYjZ3RU1LbTJ1a3ZEcU1sLWpQaWUtZ2pfZHZQMTdzVGFlSWt2LWJVcVdGQ05fWFVxSW9iNnprNFdIbUE3V1gxNk5NY3l1S2hKX0JIc3BTRXF6bEtxSTZJMzdHVC1QN3F1NC1mSHFfYzZmOXctUC1KRkUweFJ1RC1Xdmw5VXNFOGNWTm5Udnh6dDQ3am5LR1BDcWd2TkR6VTVmTkpJ0gHYAUFVX3lxTFBQejJLT3FsY0dJWE9hR19JdTRXc1p4dk9PMnBfSE1WcHB1SHRfckUzVWRsWk5RR0lpQV82bDlFUHludXdDZ3MxU0hTUTFwWkxHOFNtVm5GZFQ1eUtWYl9KY21YRXIzdUpyMEhHVXpTU2JmT0JFRks2RlU5dEtQclBDcXlKZkJaQmlRaUtWMnFNV0Iwc0ZkSE1xcEhDek1vNTVHcEJJanQzMFdJaEJZRFhyTlpWeW9uNFpjV2tlWVJ2VVVuM0xXc1RYeTFpZFNqMWNCdEhyR2NlNQ?oc=5 | https://www.moneycontrol.com/msite/incred-money/,scraper,,
2026-03-08,BDL,Bharat Dynamics Limited,Aerospace & Defense,up,5.81,Bharat Dynamics Limited surged 5.8% after the Stock Exchanges like BSE. (Source: Moneycontrol),General News,63,https://www.moneycontrol.com/msite/incred-money/ | https://www.moneycontrol.com/news/business/markets/broader-markets-bleed-as-mid-smallcaps-lag-70-stocks-plunge-in-double-digits-13853545.html,scraper,,
2026-03-08,MAZDOCK,Mazagon Dock Shipbuilders Limited,Ship Building & Allied Services,up,5.33,Mazagon Dock Shipbuilders Limited surged 5.3% after the Stock Exchanges like BSE. (Source: Moneycontrol),General News,63,https://www.moneycontrol.com/msite/incred-money/ | https://www.moneycontrol.com/news/business/markets/broader-markets-bleed-as-mid-smallcaps-lag-70-stocks-plunge-in-double-digits-13853545.html,scraper,,
2026-03-08,GRSE,Garden Reach Shipbuilders & Engineers Limited,Aerospace & Defense,up,5.02,Garden Reach Shipbuilders & Engineers Limited surged 5.0% after advancing 2. (Source: Moneycontrol),General News,79,https://www.moneycontrol.com/news/business/markets/bel-grse-other-defence-shares-rise-up-to-7-amid-escalating-west-asia-conflict-13852695.html | https://news.google.com/rss/articles/CBMi2gFBVV95cUxQYlR0UmJxUzltUldQS2tOZ1Z2UHJEbHltbU5HYktNclB4eU1Jc3BVdGppREFhWVRHam55cVlHVHlTLWJXU0VqQWNYV3JpUW5VWVYyRzJCbUIybjFWR1hVU0xxRDliWE9Pb0xDX29fUmF1M05xaUhRTWZXVUR3aU9aNHlCRE5DZEIxdUI3Y3ZlU2hiU0JQb1VmOE1HeFp1QmNPX09DdE9GN1RLVDJocWFZVHpaa05Ec1A3YThuQmdUeXRsR21tSVlKR01xV2VHN21pdVVkekFIa1YyQdIB3wFBVV95cUxQdTkwMWZNSlp3M1hocTc5c3Y1bnhmS0IwT0V0aHZaZE1wemdYdGdHQktqdzJIRXUwVFhkVkt2OTJJRW5kbmNvenY4azZkSnJ3TzlCeGd4WlFTcGt0dExhQTBuYktsbFJIVmlTRWViRDl6VTRZM0ZMSm55bElaN1BNQ0FaQW5WZ21HUkVWTWRBbWJwTzVYdm9MWE1zRFpZeksxZjd0ZEZOSEszdW9DcVdRTGk4MkVrTzU2U1V5TVdpX0ZIbDMxT3l2cHRVWnBQTG5uVmhHYXBTc1RnSUNCRl9j?oc=5,scraper,,
2026-03-08,MRPL,Mangalore Refinery and Petrochemicals Limited,Refineries & Marketing,up,5.02,Mangalore Refinery and Petrochemicals Limited surged 5.0% after West Asia oil disruption - Moneycontrol. (Source: Moneycontrol),General News,71,https://news.google.com/rss/articles/CBMi1AFBVV95cUxOQ0xQTVdPcW4zLXF3UENmdTVhNzZtV0FwejhEUmNtMTFIeVVoaVo4Z09CVVRnRjlVMXRzdjFkQ3RUR2RXWmI2eWNnZ2hTWXZtM3h2RXhic3BweXdDTVdsTG5qUGF2V0lGbnY0OE9ZY3hIX1dVTDBrYjJHQUIyYWRaNEZqOTNyeFZ4QnNvSEFuakx0dm9EZW5SWkFacGNGbUJySlYyVXZEbUxFTmhjQng2YkpDU2xxM0F4SVFfUUhhZk1UUUpGam5QOVhnaUhPUy00b3pMRNIB2gFBVV95cUxNcEZmU3VHQUhDUUhGLTF6Yk1TMjQwV3g3RkpUamstQ1VDelZkOFBKVlVnS0xYVVQxN3NINU1fZE8wUERxVmR5U3YyRUxrNmNwMlRuVDdvYl9MbWpYZGVFSUg3b2t4Z2dGcEx1VXU4QjlzVTg2SlN5ZVcxck5ZSzlULS16T0U0dU1aRUFJMFM3VHAyVkdDVEx3czJWUEhfVVVrbHd3WXpZMWxhcTFSbWRnaWZ4b1lrZm90R2dIUFFLeEwxWFFHcUVhQWtseDNvWFFjMTU1MFNPRlpLZw?oc=5 | https://news.google.com/rss/articles/CBMixwFBVV95cUxPTGJYY3d1VzhISFVmVmhZZUtxNXVsZTd6RTRINGl2UmRPRFhXMzZkTFpNX3YtdVpSU01PZXludDAya0tlMmFneWxDVlltaVFUeTNjb3AzQ2ItR0tYUkdyVVhrN0ZCRHpRX2YteGxLOVFaMXJidDQwMHRTYzg0a0dhemZxeGpDNC1NM1BLNU5xQ3diZ2Q3Q0hBdW5GT1c5aVNxU1pMSFRyQVVEanpCMFBtRURSWlNHWUxfNVRZQ2xFZnFyQzQtRXk40gHMAUFVX3lxTE5wUC12anlycVZMYVRSVTFkYW5nVC1EamJudkhkWC1YTWoxUk13ZTF1OG5mTzEtTGRpbkx2Mjc1WFpVRDh5WDRlc1ZLTURLTU5oTG90MWUwZTZVVGtva2pzYk5RSUxxMmwyY0ZzU3g5NE03Rl8xWUtnUVlJRWhwaWdKbWxQcUpIblBSUHJQVWwyTzRCNnc2WXptTUs0OFlkQlNaSDJ1TXBIbkNSRnpLN2JMQlc3N05lNHZjV2N3OEp3RHJKeF9EMVhkYV9RWg?oc=5,scraper,,
2026-03-08,TEJASNET,Tejas Networks Limited,Telecom - Equipment & Accessories,down,-6.19,Tejas Networks Limited declined 6.2% after the Stock Exchanges like BSE. (Source: Moneycontrol),Negative Momentum,63,https://www.moneycontrol.com/msite/incred-money/ | https://www.moneycontrol.com/news/business/markets/broader-markets-bleed-as-mid-smallcaps-lag-70-stocks-plunge-in-double-digits-13853545.html,scraper,,
2026-03-09,TEJASNET,Tejas Networks Limited,Telecom - Equipment & Accessories,down,-8.34,Tejas Networks Limited declined 8.3% after past performance of any securities in no way guarantees the performance of the security or provides any assurance of returns to investors. (Source: Moneycontrol),Negative Momentum,79,https://www.moneycontrol.com/india/stockpricequote/telecommunications-equipment/tejasnetworks/TN | https://www.moneycontrol.com/msite/incred-money/,scraper,,
2026-03-09,SWANCORP,SWAN CORP LIMITED,Petrochemicals,down,-7.93,SWAN CORP LIMITED declined 7.9% after the Stock Exchanges like BSE. (Source: Moneycontrol),Negative Momentum,63,https://www.moneycontrol.com/msite/incred-money/ | https://www.moneycontrol.com/news/business/stocks/indigo-spicejet-asian-paints-slide-up-to-8-as-oil-shock-above-115-hits-crude-sensitive-stocks-13854493.html,scraper,,
2026-03-09,MRPL,Mangalore Refinery and Petrochemicals Limited,Refineries & Marketing,down,-7.55,Mangalore Refinery and Petrochemicals Limited declined 7.5% after West Asia oil disruption - Moneycontrol. (Source: Moneycontrol),Negative Momentum,71,https://news.google.com/rss/articles/CBMi1AFBVV95cUxOQ0xQTVdPcW4zLXF3UENmdTVhNzZtV0FwejhEUmNtMTFIeVVoaVo4Z09CVVRnRjlVMXRzdjFkQ3RUR2RXWmI2eWNnZ2hTWXZtM3h2RXhic3BweXdDTVdsTG5qUGF2V0lGbnY0OE9ZY3hIX1dVTDBrYjJHQUIyYWRaNEZqOTNyeFZ4QnNvSEFuakx0dm9EZW5SWkFacGNGbUJySlYyVXZEbUxFTmhjQng2YkpDU2xxM0F4SVFfUUhhZk1UUUpGam5QOVhnaUhPUy00b3pMRNIB2gFBVV95cUxNcEZmU3VHQUhDUUhGLTF6Yk1TMjQwV3g3RkpUamstQ1VDelZkOFBKVlVnS0xYVVQxN3NINU1fZE8wUERxVmR5U3YyRUxrNmNwMlRuVDdvYl9MbWpYZGVFSUg3b2t4Z2dGcEx1VXU4QjlzVTg2SlN5ZVcxck5ZSzlULS16T0U0dU1aRUFJMFM3VHAyVkdDVEx3czJWUEhfVVVrbHd3WXpZMWxhcTFSbWRnaWZ4b1lrZm90R2dIUFFLeEwxWFFHcUVhQWtseDNvWFFjMTU1MFNPRlpLZw?oc=5 | https://news.google.com/rss/articles/CBMixwFBVV95cUxPTGJYY3d1VzhISFVmVmhZZUtxNXVsZTd6RTRINGl2UmRPRFhXMzZkTFpNX3YtdVpSU01PZXludDAya0tlMmFneWxDVlltaVFUeTNjb3AzQ2ItR0tYUkdyVVhrN0ZCRHpRX2YteGxLOVFaMXJidDQwMHRTYzg0a0dhemZxeGpDNC1NM1BLNU5xQ3diZ2Q3Q0hBdW5GT1c5aVNxU1pMSFRyQVVEanpCMFBtRURSWlNHWUxfNVRZQ2xFZnFyQzQtRXk40gHMAUFVX3lxTE5wUC12anlycVZMYVRSVTFkYW5nVC1EamJudkhkWC1YTWoxUk13ZTF1OG5mTzEtTGRpbkx2Mjc1WFpVRDh5WDRlc1ZLTURLTU5oTG90MWUwZTZVVGtva2pzYk5RSUxxMmwyY0ZzU3g5NE03Rl8xWUtnUVlJRWhwaWdKbWxQcUpIblBSUHJQVWwyTzRCNnc2WXptTUs0OFlkQlNaSDJ1TXBIbkNSRnpLN2JMQlc3N05lNHZjV2N3OEp3RHJKeF9EMVhkYV9RWg?oc=5,scraper,,
2026-03-09,BANKINDIA,Bank of India,Public Sector Bank,down,-7.07,Bank of India declined 7.1% after the Stock Exchanges like BSE. (Source: Moneycontrol),Negative Momentum,63,https://www.moneycontrol.com/msite/incred-money/ | https://www.moneycontrol.com/news/business/stocks/indigo-spicejet-asian-paints-slide-up-to-8-as-oil-shock-above-115-hits-crude-sensitive-stocks-13854493.html,scraper,,
2026-03-09,SBIN,State Bank of India,Public Sector Bank,down,-6.84,State Bank of India declined 6.8% after the Stock Exchanges like BSE. (Source: Moneycontrol),Negative Momentum,63,https://www.moneycontrol.com/msite/incred-money/ | https://www.moneycontrol.com/news/business/stocks/indigo-spicejet-asian-paints-slide-up-to-8-as-oil-shock-above-115-hits-crude-sensitive-stocks-13854493.html,scraper,,
2026-03-09,UNIONBANK,Union Bank of India,Public Sector Bank,down,-6.77,Union Bank of India declined 6.8% after the Stock Exchanges like BSE. (Source: Moneycontrol),Negative Momentum,63,https://www.moneycontrol.com/msite/incred-money/ | https://www.moneycontrol.com/news/business/stocks/indigo-spicejet-asian-paints-slide-up-to-8-as-oil-shock-above-115-hits-crude-sensitive-stocks-13854493.html,scraper,,
2026-03-09,KARURVYSYA,Karur Vysya Bank Limited,Private Sector Bank,down,-6.73,Karur Vysya Bank Limited declined 6.7% after the Stock Exchanges like BSE. (Source: Moneycontrol),Negative Momentum,63,https://www.moneycontrol.com/msite/incred-money/ | https://www.moneycontrol.com/news/business/stocks/indigo-spicejet-asian-paints-slide-up-to-8-as-oil-shock-above-115-hits-crude-sensitive-stocks-13854493.html,scraper,,
2026-03-09,INDIGO,InterGlobe Aviation Limited,Airline,down,-6.71,InterGlobe Aviation Limited declined 6.7% after market sell-off Did our AI summary help?. (Source: Moneycontrol),Negative Momentum,79,https://www.moneycontrol.com/news/business/stocks/indigo-spicejet-asian-paints-slide-up-to-8-as-oil-shock-above-115-hits-crude-sensitive-stocks-13854493.html | https://news.google.com/rss/articles/CBMi_AFBVV95cUxNLWVxUGltQmdDUWxRNnNtNmgteTg0dnNXU1h2dzFkS0Rtc1M5UEVUbDhPLUh0bEF2d2ppTURKNTZaUkF3R0NxNTZHNHpQN180Y25TR3dET0pndVV2S3RuR3BTR1oyem5tX1pNd05TQ3VaSnRCOFpXRnM0MU54a0czTzgzSlNIVXBQSWxoTVZTT2RsWU5id2lLaTV0R1F5ZlRkeXppS1I5TUdrbl9zXzVBNjlsSUVpY0JyUU1DLWRRaFBfQnRNeXBnY05SMGx0bkVrQ1pHb3NjVTJ3QWFqeS01YWJ3SXZmMUpHX3ZzOFktMHVzSXY3NVNRZ2xrdFXSAYICQVVfeXFMTUlWaEZSQklLZ1BjUGVyUjdTU2xUY1RYRUJYdWhTNUtNZmllZlQwelJBSE5CMFY2UUtBV2RKOG44OEdNaFF2Yk16V1hhZHd2MThXT3Zfc3NxSXVRcjY1RG1tV0lpWFUzZkg3Mnh0aGVRd1pGYS1waXRkMGNqLU9LeVFodVpMb1RaNTJfTHNidTRfdW1PZ2tQeDV1YVpsclc3ZElVN0RGenV1T2NsN3VGYjFqM3Y5MDUzUG5jRnp0LUJJYk1UeXIzUlV5Vnk1TjNfTklxN0JFNFhWdGJ0LVZEdlVJZ3pib3ZiSWxXeUVDUlpzdTE3b3piYlZfdXo5c1ZPVXpR?oc=5,scraper,,
2026-03-09,CANBK,Canara Bank,Public Sector Bank,down,-6.36,"Canara Bank declined 6.4% after core interest income jump - The Economic Times <a href=""https. (Source: Economic Times Markets)",Negative Momentum,71,https://news.google.com/rss/articles/CBMidkFVX3lxTFBYcTZoalN3cXNJS0xrVFdpcGF6aDZZZlJsUHV2aE5YbTNLZF8teHY5REowVk1jWFdYOXVMMW5vZHZHQzhoS3l4QUlaWnh0a095ZkF2LUh4MVgtWGdEeTlBamtnam9zdmVXM3dTUXN6R29QQmxRNXc?oc=5 | https://www.moneycontrol.com/msite/incred-money/,scraper,,
2026-03-09,INDIANB,Indian Bank,Public Sector Bank,down,-6.28,Indian Bank declined 6.3% after the Stock Exchanges like BSE. (Source: Moneycontrol),Negative Momentum,63,https://www.moneycontrol.com/msite/incred-money/ | https://www.moneycontrol.com/news/business/stocks/indigo-spicejet-asian-paints-slide-up-to-8-as-oil-shock-above-115-hits-crude-sensitive-stocks-13854493.html,scraper,,
2026-03-09,BPCL,Bharat Petroleum Corporation Limited,Refineries & Marketing,down,-6.25,Bharat Petroleum Corporation Limited declined 6.2% after the Stock Exchanges like BSE. (Source: Moneycontrol),Negative Momentum,63,https://www.moneycontrol.com/msite/incred-money/ | https://www.moneycontrol.com/news/business/stocks/indigo-spicejet-asian-paints-slide-up-to-8-as-oil-shock-above-115-hits-crude-sensitive-stocks-13854493.html,scraper,,
2026-03-09,IRCON,Ircon International Limited,Civil Construction,down,-6.09,Ircon International Limited declined 6.1% after report of mega RVNL-IRCON merger - Moneycontrol. (Source: Moneycontrol),Corporate Action,71,https://news.google.com/rss/articles/CBMizwFBVV95cUxNVURXcUh6clFEcUhES28xRTJ6c0V5UWtNa2RPMHROaW0yNjZoclFySXEwZGlsVTRZT3VZMVV6M0xPODBBMm5BN3VnaW5GMjVCTlU4Y2E0MjdTWi12bDV2VkNHNEVpc3R1S2RibGE4OTZJQ0VkSklRU0JaenYxMnYxV3FPWjBsSXdzU3dDS29RNFhyR2hldnN1TWo3VmZ4WmVIRmVDZXJzb3NJOUZqR1FWdzVvWUl0THB5QkM5eDJoc0lfRGxybjF4eFF3RXBWcTjSAdQBQVVfeXFMT1FWejdobGZtaGVGejBBaEtVZlpRVGI4TC12bmRveF9lbEhGNnpJczJGQVk4d011NW1qVUw2bDJoeGpYZVVuLXFJRFA4YjJxNENjdTR6b1EyLUYzXzdZQXBpNXNnR1FLb0JIVWNoMHN1eGJTZEZreFFpelZreW5EbU1iU3JHMklMYkVjQnUwTUpvRFdBd1diMmo4N1dIdFI4YkRVZGpkeHRkM0JldHlSd2R1U3FLU19FcEZfSkV1Z2pEYkRjWlNwMzU5cnFGZGkxcHIyRS0?oc=5 | https://www.moneycontrol.com/msite/incred-money/,scraper,,
2026-03-09,REDINGTON,Redington Limited,Trading & Distributors,down,-5.99,Redington Limited declined 6.0% after net profit jumps 32% to Rs 388 crore. (Source: Moneycontrol),Earnings,71,https://news.google.com/rss/articles/CBMigAJBVV95cUxPVHh5eGNmcDNDNDF1YzVrOUMwS2cwYmRpX2poaV9ESXhSa3RmZzRET0RtRmM1bjR5LTd0ODF5TWJCZ1RXWGVHTncyY1psa2RETTJ0eXJ5SG5sajUwM2phNmxxNHF3MW5TakxNYXFoVk1YWkRFZ2RuZFE4VG5VUjllLXhQTFRkZFA2X25DY0J6T2djZ1ZKdktFRFg3Y3gxNVREcUtxRmdydXo5aHdnR0hFMnZ2QjBiNHRzMEVRcm9IQXA4VDExU3NIUlJmdkExbDFMR3Zsak8zX3ZWWVBlZDRFNTdKaUtWUE1ZUnJYRUJWUE1oNWtkZnpRLXpXc08yMmdh0gGGAkFVX3lxTE9yTlVnVUd5UHYxMmdvbVM5emE0Rzk1dWhTWnN0RXhOUTNDNW02bVktZS01R3N6aGVxM0FWZzhQTkVYejhLRE9wSlUtdjMyVDNHbjdvT2JHSngzVFpaemhTakxyNnh4LTJPWFFNNS1Va2Q2Skg4aUJYQWRpUVNLSFFFLUEyVVhFT1NvcHFlT05od2NnWEhSLVd5eHNVanFqdW5vXzB4d3NYV3cxSEtRQXJSSXdpT19MMUlnSTVUcWhoeU9DMW1nNXlUUjFxTVRQanhsb2pXOVVmdk1qYXh0VWhIUjAzUkJqVzRBZ00wYUptdm9WNG1kTUdiWE0wcXl6VkVReW9QZFE?oc=5 | https://www.moneycontrol.com/msite/incred-money/,scraper,,
2026-03-09,PGEL,PG Electroplast Limited,Consumer Electronics,down,-5.98,PG Electroplast Limited declined 6.0% after the Stock Exchanges like BSE. (Source: Moneycontrol),Negative Momentum,63,https://www.moneycontrol.com/msite/incred-money/ | https://www.moneycontrol.com/news/business/stocks/indigo-spicejet-asian-paints-slide-up-to-8-as-oil-shock-above-115-hits-crude-sensitive-stocks-13854493.html,scraper,,
2026-03-09,PNB,Punjab National Bank,Public Sector Bank,down,-5.93,Punjab National Bank declined 5.9% after Market View. (Source: Moneycontrol),Negative Momentum,71,https://news.google.com/rss/articles/CBMiaEFVX3lxTE9wSHNpLWZsZ2ZjRGl4N0RFUGhyeVlFWHhwZUQ5MVNqYXdIc0MzWE9HT3N5VnZsdlhRR2JoV3AzWDAzMDYybEdpendaVjliM0Q2RDlNVzF0YUFTRTctcFVjNTNBb3lwcmxk?oc=5 | https://news.google.com/rss/articles/CBMi3gFBVV95cUxPeV9qU3lZZXVKQ3BxZzNHUjdtRVlfRlVuS2liV1hlRW42SE9RVkpkdFFydDIzVElLcXd0aWJ2OXNOaWxVOXVEa3lUM1FGM1U0ZVZFZlM0TGh0R1lvaHIzRkxuc0MtaG5qQllSOTNSakFZbGYyZmpsR19MeF9DVHRyQWRCdVNLUGdUbFlUdkl5cG1QRElWZlNobExNMUpPbGhwcGtzX1UzSUpNYm9mSVBQWm5KZUVkNGdsRmpLcldCVmdpSnlCa3RSLXFDWHJlelliN2tDWEFEVjZjRDlSM2fSAeMBQVVfeXFMTzR5aG5fSzVfOWI2S0k1RVUzYzltczNXMElFcHNCTmhQODR2NWlWUFlDT0dwYXpocXR1YmVGYTMta0MwcWd2ZVR2QzdNXzJGLTVmeW8tdVd4VVdtOUFvdmVzYlVsQTZ6WTVDS0dieUZiUGx5MGNQVEhmcE9QRFJ2TTlIRVp0ZEt2Sm9UTnNsOWxuNlBDVHZxRlkzdFhGRjl5VjNqQkRWb2g4V3ZmME00b0VHTENYNVZZcU5lVUUzX0lReUlNODJfcjd2eVRRUmdtV0lNdDAzOHhQckdsUnV1MjByUlk?oc=5,scraper,,
2026-03-09,FEDERALBNK,The Federal Bank  Limited,Private Sector Bank,down,-5.9,The Federal Bank  Limited declined 5.9% after the Stock Exchanges like BSE. (Source: Moneycontrol),Negative Momentum,63,https://www.moneycontrol.com/msite/incred-money/ | https://www.moneycontrol.com/news/business/stocks/indigo-spicejet-asian-paints-slide-up-to-8-as-oil-shock-above-115-hits-crude-sensitive-stocks-13854493.html,scraper,,
2026-03-09,SAIL,Steel Authority of India Limited,Iron & Steel,down,-5.82,Steel Authority of India Limited declined 5.8% after the Stock Exchanges like BSE. (Source: Moneycontrol),Negative Momentum,63,https://www.moneycontrol.com/msite/incred-money/ | https://www.moneycontrol.com/news/business/stocks/indigo-spicejet-asian-paints-slide-up-to-8-as-oil-shock-above-115-hits-crude-sensitive-stocks-13854493.html,scraper,,
2026-03-09,CREDITACC,CREDITACCESS GRAMEEN LIMITED,Microfinance Institutions,down,-5.77,CREDITACCESS GRAMEEN LIMITED declined 5.8% after strong business updates - Moneycontrol. (Source: Moneycontrol),Negative Momentum,71,https://news.google.com/rss/articles/CBMiygFBVV95cUxQSmF3TG5WMmlIdEZJVlJBN2xSeHhpenJrRXhNVXBPSnBpRGJaN2kwTmF3YTZoVDMzR3NyZnFWNjNwczFxUTdiYjRpcHBWOW9fZjZMaUwzdU5mRDcyWmlsUUVvWXFXaHkyVHdLeWhCNERLaUVSSm85SWM2RklvUlJUekNMZEdvT01FUld3dkFQN0pWN1RqSHI2VEpnUGtQdm83R2pmOVZXRmI0TWJ1WlRqNVhuNzVfZHVnc2lHcDBpRzMzWXNxb283Sk9n0gHPAUFVX3lxTE9VblJPMHFrVzFOTE1ucEk0aEFKcTE0SThGRWFycVV2VWctQXN5c2tRYU83RmtoaGpEOWxWMk05d1Q1RDBlQlBJMVZmbHRJeFZ5dG5jaDBpN3RmOUFTVG1BaDVsVXFUR1hRbkVhVVQ5ZTJDRHlqT2V4YUdGNjJBdHNyMHRMeDRrdDZkR1FxWWVUbEVYUUp4WDliRUFiZ2xLMlUwM3ZESWJWRlpvVnBBd3N4c016QTEyRTdYckJ6VFJKY25ObmUwS1dsYzVGZHFZdw?oc=5 | https://www.moneycontrol.com/msite/incred-money/,scraper,,
2026-03-09,MOTHERSON,Samvardhana Motherson International Limited,Auto Components & Equipments,down,-5.7,Samvardhana Motherson International Limited declined 5.7% after Market View. (Source: Moneycontrol),Negative Momentum,71,https://news.google.com/rss/articles/CBMif0FVX3lxTE0wZGxsMkptRHdSLTBYd3BQRmFJbFlzenFyYW9tRVcxNGJSMWRLdWU2cy04SzB6MXUtck15X254NmVKQ3pxeTVWOTA0cXJIbXlTdVRkZXJMZjM5M1d3UW01T3d3RW5oSE1YdzBYY0dsM2VITFBGcnFyT2Q5NDNMN1U?oc=5 | https://www.moneycontrol.com/msite/incred-money/,scraper,,
2026-03-09,ASHOKLEY,Ashok Leyland Limited,Commercial Vehicles,down,-5.64,Ashok Leyland Limited declined 5.6% after the Stock Exchanges like BSE. (Source: Moneycontrol),Negative Momentum,63,https://www.moneycontrol.com/msite/incred-money/ | https://www.moneycontrol.com/news/business/stocks/indigo-spicejet-asian-paints-slide-up-to-8-as-oil-shock-above-115-hits-crude-sensitive-stocks-13854493.html,scraper,,
2026-03-09,BANDHANBNK,Bandhan Bank Limited,Private Sector Bank,down,-5.62,Bandhan Bank Limited declined 5.6% after the Stock Exchanges like BSE. (Source: Moneycontrol),Negative Momentum,63,https://www.moneycontrol.com/msite/incred-money/ | https://www.moneycontrol.com/news/business/stocks/indigo-spicejet-asian-paints-slide-up-to-8-as-oil-shock-above-115-hits-crude-sensitive-stocks-13854493.html,scraper,,
2026-03-09,SHRIRAMFIN,Shriram Finance Limited,Non Banking Financial Company (NBFC),down,-5.57,Shriram Finance Limited declined 5.6% after the Stock Exchanges like BSE. (Source: Moneycontrol),Negative Momentum,63,https://www.moneycontrol.com/msite/incred-money/ | https://www.moneycontrol.com/news/business/stocks/indigo-spicejet-asian-paints-slide-up-to-8-as-oil-shock-above-115-hits-crude-sensitive-stocks-13854493.html,scraper,,
2026-03-09,CHOLAFIN,Cholamandalam Investment and Finance Company Limited,Non Banking Financial Company (NBFC),down,-5.55,Cholamandalam Investment and Finance Company Limited declined 5.5% after the Stock Exchanges like BSE. (Source: Moneycontrol),Negative Momentum,63,https://www.moneycontrol.com/msite/incred-money/ | https://www.moneycontrol.com/news/business/stocks/indigo-spicejet-asian-paints-slide-up-to-8-as-oil-shock-above-115-hits-crude-sensitive-stocks-13854493.html,scraper,,
2026-03-09,IIFL,IIFL Finance Limited,Non Banking Financial Company (NBFC),down,-5.48,IIFL Finance Limited declined 5.5% after taking up new clients - ETLegalWorld. (Source: Economic Times Markets),Negative Momentum,71,https://news.google.com/rss/articles/CBMi3AFBVV95cUxNblp5LUFtWFROcDZvQ1o0aU9VNU5WS2tUZUJTQV9fRmY2Si1kQ2NNM3l5c0FmWDV6NU85T093MkE2azUxVGRGWjRvWG1EOWlYbDFoZ3BPVTkydXJGMW5oa3RPQVdGZnNnQ2prLVdxemhPd0dpTkp1UWVQb3U0MTRnUGt5THg1d1RDTWhfT0h0bS1jbjluNnZBZFA0bzlEUEE3UnJZTHRkN0kyTTlRTnFLV09kUWVOd0Z1WDZ5eWRhNDRVdVYtTHk5R3VmbnA2M1dYLTJsYi1GQUVZYVZ0?oc=5 | https://www.moneycontrol.com/msite/incred-money/,scraper,,
2026-03-09,PFC,Power Finance Corporation Limited,Financial Institution,down,-5.37,Power Finance Corporation Limited declined 5.4% after the Stock Exchanges like BSE. (Source: Moneycontrol),Negative Momentum,63,https://www.moneycontrol.com/msite/incred-money/ | https://www.moneycontrol.com/news/business/stocks/indigo-spicejet-asian-paints-slide-up-to-8-as-oil-shock-above-115-hits-crude-sensitive-stocks-13854493.html,scraper,,
2026-03-09,TMPV,Tata Motors Passenger Vehicles Limited,Passenger Cars & Utility Vehicles,down,-5.33,Tata Motors Passenger Vehicles Limited declined 5.3% after Market View. (Source: Moneycontrol),Negative Momentum,71,https://news.google.com/rss/articles/CBMia0FVX3lxTE5WZjVJVk9kRnJHTzRPaEhRN3Bpc0phakpRUGJGVnpLY2tNOXVpcGlEN1BCOW40WTk3MFNLVXpfaDQyUmZCTzNUTjFOdWlmM01Kb2ZqRjhJcUtVcEstRUtoZVlEMmxHWHVFcVFr?oc=5 | https://www.moneycontrol.com/msite/incred-money/,scraper,,
2026-03-09,ASTERDM,Aster DM Healthcare Limited,Hospital,down,-5.28,Aster DM Healthcare Limited declined 5.3% after the Stock Exchanges like BSE. (Source: Moneycontrol),Negative Momentum,63,https://www.moneycontrol.com/msite/incred-money/ | https://www.moneycontrol.com/news/business/stocks/indigo-spicejet-asian-paints-slide-up-to-8-as-oil-shock-above-115-hits-crude-sensitive-stocks-13854493.html,scraper,,
2026-03-09,POWERINDIA,Hitachi Energy India Limited,Heavy Electrical Equipment,down,-5.26,Hitachi Energy India Limited declined 5.3% after the Stock Exchanges like BSE. (Source: Moneycontrol),Negative Momentum,63,https://www.moneycontrol.com/msite/incred-money/ | https://www.moneycontrol.com/news/business/stocks/indigo-spicejet-asian-paints-slide-up-to-8-as-oil-shock-above-115-hits-crude-sensitive-stocks-13854493.html,scraper,,
2026-03-09,MARUTI,Maruti Suzuki India Limited,Passenger Cars & Utility Vehicles,down,-5.24,Maruti Suzuki India Limited declined 5.2% after the Stock Exchanges like BSE. (Source: Moneycontrol),Negative Momentum,63,https://www.moneycontrol.com/msite/incred-money/ | https://www.moneycontrol.com/news/business/stocks/indigo-spicejet-asian-paints-slide-up-to-8-as-oil-shock-above-115-hits-crude-sensitive-stocks-13854493.html,scraper,,
2026-03-09,IDFCFIRSTB,IDFC First Bank Limited,Private Sector Bank,down,-5.22,IDFC First Bank Limited declined 5.2% after the Stock Exchanges like BSE. (Source: Moneycontrol),Negative Momentum,63,https://www.moneycontrol.com/msite/incred-money/ | https://www.moneycontrol.com/news/business/stocks/indigo-spicejet-asian-paints-slide-up-to-8-as-oil-shock-above-115-hits-crude-sensitive-stocks-13854493.html,scraper,,
2026-03-09,MRPL,Mangalore Refinery and Petrochemicals Limited,Refineries & Marketing,down,-7.8,Mangalore Refinery and Petrochemicals Limited declined 7.8% after West Asia oil disruption - Moneycontrol. (Source: Moneycontrol),Negative Momentum,71,https://news.google.com/rss/articles/CBMi1AFBVV95cUxOQ0xQTVdPcW4zLXF3UENmdTVhNzZtV0FwejhEUmNtMTFIeVVoaVo4Z09CVVRnRjlVMXRzdjFkQ3RUR2RXWmI2eWNnZ2hTWXZtM3h2RXhic3BweXdDTVdsTG5qUGF2V0lGbnY0OE9ZY3hIX1dVTDBrYjJHQUIyYWRaNEZqOTNyeFZ4QnNvSEFuakx0dm9EZW5SWkFacGNGbUJySlYyVXZEbUxFTmhjQng2YkpDU2xxM0F4SVFfUUhhZk1UUUpGam5QOVhnaUhPUy00b3pMRNIB2gFBVV95cUxNcEZmU3VHQUhDUUhGLTF6Yk1TMjQwV3g3RkpUamstQ1VDelZkOFBKVlVnS0xYVVQxN3NINU1fZE8wUERxVmR5U3YyRUxrNmNwMlRuVDdvYl9MbWpYZGVFSUg3b2t4Z2dGcEx1VXU4QjlzVTg2SlN5ZVcxck5ZSzlULS16T0U0dU1aRUFJMFM3VHAyVkdDVEx3czJWUEhfVVVrbHd3WXpZMWxhcTFSbWRnaWZ4b1lrZm90R2dIUFFLeEwxWFFHcUVhQWtseDNvWFFjMTU1MFNPRlpLZw?oc=5 | https://news.google.com/rss/articles/CBMixwFBVV95cUxPTGJYY3d1VzhISFVmVmhZZUtxNXVsZTd6RTRINGl2UmRPRFhXMzZkTFpNX3YtdVpSU01PZXludDAya0tlMmFneWxDVlltaVFUeTNjb3AzQ2ItR0tYUkdyVVhrN0ZCRHpRX2YteGxLOVFaMXJidDQwMHRTYzg0a0dhemZxeGpDNC1NM1BLNU5xQ3diZ2Q3Q0hBdW5GT1c5aVNxU1pMSFRyQVVEanpCMFBtRURSWlNHWUxfNVRZQ2xFZnFyQzQtRXk40gHMAUFVX3lxTE5wUC12anlycVZMYVRSVTFkYW5nVC1EamJudkhkWC1YTWoxUk13ZTF1OG5mTzEtTGRpbkx2Mjc1WFpVRDh5WDRlc1ZLTURLTU5oTG90MWUwZTZVVGtva2pzYk5RSUxxMmwyY0ZzU3g5NE03Rl8xWUtnUVlJRWhwaWdKbWxQcUpIblBSUHJQVWwyTzRCNnc2WXptTUs0OFlkQlNaSDJ1TXBIbkNSRnpLN2JMQlc3N05lNHZjV2N3OEp3RHJKeF9EMVhkYV9RWg?oc=5,scraper,,
2026-03-09,SWANCORP,SWAN CORP LIMITED,Petrochemicals,down,-7.3,SWAN CORP LIMITED declined 7.3% after the Stock Exchanges like BSE. (Source: Moneycontrol),Negative Momentum,63,https://www.moneycontrol.com/msite/incred-money/ | https://www.moneycontrol.com/news/business/stocks/indigo-spicejet-asian-paints-slide-up-to-8-as-oil-shock-above-115-hits-crude-sensitive-stocks-13854493.html,scraper,,
2026-03-09,TEJASNET,Tejas Networks Limited,Telecom - Equipment & Accessories,down,-7.26,Tejas Networks Limited declined 7.3% after past performance of any securities in no way guarantees the performance of the security or provides any assurance of returns to investors. (Source: Moneycontrol),Negative Momentum,79,https://www.moneycontrol.com/india/stockpricequote/telecommunications-equipment/tejasnetworks/TN | https://www.moneycontrol.com/msite/incred-money/,scraper,,
2026-03-09,REDINGTON,Redington Limited,Trading & Distributors,down,-6.11,Redington Limited declined 6.1% after net profit jumps 32% to Rs 388 crore. (Source: Moneycontrol),Earnings,71,https://news.google.com/rss/articles/CBMigAJBVV95cUxPVHh5eGNmcDNDNDF1YzVrOUMwS2cwYmRpX2poaV9ESXhSa3RmZzRET0RtRmM1bjR5LTd0ODF5TWJCZ1RXWGVHTncyY1psa2RETTJ0eXJ5SG5sajUwM2phNmxxNHF3MW5TakxNYXFoVk1YWkRFZ2RuZFE4VG5VUjllLXhQTFRkZFA2X25DY0J6T2djZ1ZKdktFRFg3Y3gxNVREcUtxRmdydXo5aHdnR0hFMnZ2QjBiNHRzMEVRcm9IQXA4VDExU3NIUlJmdkExbDFMR3Zsak8zX3ZWWVBlZDRFNTdKaUtWUE1ZUnJYRUJWUE1oNWtkZnpRLXpXc08yMmdh0gGGAkFVX3lxTE9yTlVnVUd5UHYxMmdvbVM5emE0Rzk1dWhTWnN0RXhOUTNDNW02bVktZS01R3N6aGVxM0FWZzhQTkVYejhLRE9wSlUtdjMyVDNHbjdvT2JHSngzVFpaemhTakxyNnh4LTJPWFFNNS1Va2Q2Skg4aUJYQWRpUVNLSFFFLUEyVVhFT1NvcHFlT05od2NnWEhSLVd5eHNVanFqdW5vXzB4d3NYV3cxSEtRQXJSSXdpT19MMUlnSTVUcWhoeU9DMW1nNXlUUjFxTVRQanhsb2pXOVVmdk1qYXh0VWhIUjAzUkJqVzRBZ00wYUptdm9WNG1kTUdiWE0wcXl6VkVReW9QZFE?oc=5 | https://www.moneycontrol.com/msite/incred-money/,scraper,,
2026-03-09,KARURVYSYA,Karur Vysya Bank Limited,Private Sector Bank,down,-6.05,Karur Vysya Bank Limited declined 6.0% after the Stock Exchanges like BSE. (Source: Moneycontrol),Negative Momentum,63,https://www.moneycontrol.com/msite/incred-money/ | https://www.moneycontrol.com/news/business/stocks/indigo-spicejet-asian-paints-slide-up-to-8-as-oil-shock-above-115-hits-crude-sensitive-stocks-13854493.html,scraper,,
2026-03-09,IRCON,Ircon International Limited,Civil Construction,down,-5.74,Ircon International Limited declined 5.7% after report of mega RVNL-IRCON merger - Moneycontrol. (Source: Moneycontrol),Corporate Action,71,https://news.google.com/rss/articles/CBMizwFBVV95cUxNVURXcUh6clFEcUhES28xRTJ6c0V5UWtNa2RPMHROaW0yNjZoclFySXEwZGlsVTRZT3VZMVV6M0xPODBBMm5BN3VnaW5GMjVCTlU4Y2E0MjdTWi12bDV2VkNHNEVpc3R1S2RibGE4OTZJQ0VkSklRU0JaenYxMnYxV3FPWjBsSXdzU3dDS29RNFhyR2hldnN1TWo3VmZ4WmVIRmVDZXJzb3NJOUZqR1FWdzVvWUl0THB5QkM5eDJoc0lfRGxybjF4eFF3RXBWcTjSAdQBQVVfeXFMT1FWejdobGZtaGVGejBBaEtVZlpRVGI4TC12bmRveF9lbEhGNnpJczJGQVk4d011NW1qVUw2bDJoeGpYZVVuLXFJRFA4YjJxNENjdTR6b1EyLUYzXzdZQXBpNXNnR1FLb0JIVWNoMHN1eGJTZEZreFFpelZreW5EbU1iU3JHMklMYkVjQnUwTUpvRFdBd1diMmo4N1dIdFI4YkRVZGpkeHRkM0JldHlSd2R1U3FLU19FcEZfSkV1Z2pEYkRjWlNwMzU5cnFGZGkxcHIyRS0?oc=5 | https://www.moneycontrol.com/msite/incred-money/,scraper,,
2026-03-09,INDIGO,InterGlobe Aviation Limited,Airline,down,-5.71,InterGlobe Aviation Limited declined 5.7% after market sell-off Did our AI summary help?. (Source: Moneycontrol),Negative Momentum,79,https://www.moneycontrol.com/news/business/stocks/indigo-spicejet-asian-paints-slide-up-to-8-as-oil-shock-above-115-hits-crude-sensitive-stocks-13854493.html | https://news.google.com/rss/articles/CBMi_AFBVV95cUxNLWVxUGltQmdDUWxRNnNtNmgteTg0dnNXU1h2dzFkS0Rtc1M5UEVUbDhPLUh0bEF2d2ppTURKNTZaUkF3R0NxNTZHNHpQN180Y25TR3dET0pndVV2S3RuR3BTR1oyem5tX1pNd05TQ3VaSnRCOFpXRnM0MU54a0czTzgzSlNIVXBQSWxoTVZTT2RsWU5id2lLaTV0R1F5ZlRkeXppS1I5TUdrbl9zXzVBNjlsSUVpY0JyUU1DLWRRaFBfQnRNeXBnY05SMGx0bkVrQ1pHb3NjVTJ3QWFqeS01YWJ3SXZmMUpHX3ZzOFktMHVzSXY3NVNRZ2xrdFXSAYICQVVfeXFMTUlWaEZSQklLZ1BjUGVyUjdTU2xUY1RYRUJYdWhTNUtNZmllZlQwelJBSE5CMFY2UUtBV2RKOG44OEdNaFF2Yk16V1hhZHd2MThXT3Zfc3NxSXVRcjY1RG1tV0lpWFUzZkg3Mnh0aGVRd1pGYS1waXRkMGNqLU9LeVFodVpMb1RaNTJfTHNidTRfdW1PZ2tQeDV1YVpsclc3ZElVN0RGenV1T2NsN3VGYjFqM3Y5MDUzUG5jRnp0LUJJYk1UeXIzUlV5Vnk1TjNfTklxN0JFNFhWdGJ0LVZEdlVJZ3pib3ZiSWxXeUVDUlpzdTE3b3piYlZfdXo5c1ZPVXpR?oc=5,scraper,,
2026-03-09,BPCL,Bharat Petroleum Corporation Limited,Refineries & Marketing,down,-5.61,Bharat Petroleum Corporation Limited declined 5.6% after the Stock Exchanges like BSE. (Source: Moneycontrol),Negative Momentum,63,https://www.moneycontrol.com/msite/incred-money/ | https://www.moneycontrol.com/news/business/stocks/indigo-spicejet-asian-paints-slide-up-to-8-as-oil-shock-above-115-hits-crude-sensitive-stocks-13854493.html,scraper,,
2026-03-09,SAIL,Steel Authority of India Limited,Iron & Steel,down,-5.6,Steel Authority of India Limited declined 5.6% after the Stock Exchanges like BSE. (Source: Moneycontrol),Negative Momentum,63,https://www.moneycontrol.com/msite/incred-money/ | https://www.moneycontrol.com/news/business/stocks/indigo-spicejet-asian-paints-slide-up-to-8-as-oil-shock-above-115-hits-crude-sensitive-stocks-13854493.html,scraper,,
2026-03-09,SBIN,State Bank of India,Public Sector Bank,down,-5.41,State Bank of India declined 5.4% after the Stock Exchanges like BSE. (Source: Moneycontrol),Negative Momentum,63,https://www.moneycontrol.com/msite/incred-money/ | https://www.moneycontrol.com/news/business/stocks/indigo-spicejet-asian-paints-slide-up-to-8-as-oil-shock-above-115-hits-crude-sensitive-stocks-13854493.html,scraper,,
2026-03-09,UNIONBANK,Union Bank of India,Public Sector Bank,down,-5.35,Union Bank of India declined 5.3% after the Stock Exchanges like BSE. (Source: Moneycontrol),Negative Momentum,63,https://www.moneycontrol.com/msite/incred-money/ | https://www.moneycontrol.com/news/business/stocks/indigo-spicejet-asian-paints-slide-up-to-8-as-oil-shock-above-115-hits-crude-sensitive-stocks-13854493.html,scraper,,
2026-03-09,BANKINDIA,Bank of India,Public Sector Bank,down,-5.31,Bank of India declined 5.3% after the Stock Exchanges like BSE. (Source: Moneycontrol),Negative Momentum,63,https://www.moneycontrol.com/msite/incred-money/ | https://www.moneycontrol.com/news/business/stocks/indigo-spicejet-asian-paints-slide-up-to-8-as-oil-shock-above-115-hits-crude-sensitive-stocks-13854493.html,scraper,,
2026-03-09,TMPV,Tata Motors Passenger Vehicles Limited,Passenger Cars & Utility Vehicles,down,-5.3,Tata Motors Passenger Vehicles Limited declined 5.3% after Market View. (Source: Moneycontrol),Negative Momentum,71,https://news.google.com/rss/articles/CBMia0FVX3lxTE5WZjVJVk9kRnJHTzRPaEhRN3Bpc0phakpRUGJGVnpLY2tNOXVpcGlEN1BCOW40WTk3MFNLVXpfaDQyUmZCTzNUTjFOdWlmM01Kb2ZqRjhJcUtVcEstRUtoZVlEMmxHWHVFcVFr?oc=5 | https://www.moneycontrol.com/msite/incred-money/,scraper,,
2026-03-09,PFC,Power Finance Corporation Limited,Financial Institution,down,-5.19,Power Finance Corporation Limited declined 5.2% after the Stock Exchanges like BSE. (Source: Moneycontrol),Negative Momentum,63,https://www.moneycontrol.com/msite/incred-money/ | https://www.moneycontrol.com/news/business/stocks/indigo-spicejet-asian-paints-slide-up-to-8-as-oil-shock-above-115-hits-crude-sensitive-stocks-13854493.html,scraper,,
2026-03-09,CHOLAFIN,Cholamandalam Investment and Finance Company Limited,Non Banking Financial Company (NBFC),down,-5.16,Cholamandalam Investment and Finance Company Limited declined 5.2% after the Stock Exchanges like BSE. (Source: Moneycontrol),Negative Momentum,63,https://www.moneycontrol.com/msite/incred-money/ | https://www.moneycontrol.com/news/business/stocks/indigo-spicejet-asian-paints-slide-up-to-8-as-oil-shock-above-115-hits-crude-sensitive-stocks-13854493.html,scraper,,
2026-03-09,IIFL,IIFL Finance Limited,Non Banking Financial Company (NBFC),down,-5.16,IIFL Finance Limited declined 5.2% after taking up new clients - ETLegalWorld. (Source: Economic Times Markets),Negative Momentum,71,https://news.google.com/rss/articles/CBMi3AFBVV95cUxNblp5LUFtWFROcDZvQ1o0aU9VNU5WS2tUZUJTQV9fRmY2Si1kQ2NNM3l5c0FmWDV6NU85T093MkE2azUxVGRGWjRvWG1EOWlYbDFoZ3BPVTkydXJGMW5oa3RPQVdGZnNnQ2prLVdxemhPd0dpTkp1UWVQb3U0MTRnUGt5THg1d1RDTWhfT0h0bS1jbjluNnZBZFA0bzlEUEE3UnJZTHRkN0kyTTlRTnFLV09kUWVOd0Z1WDZ5eWRhNDRVdVYtTHk5R3VmbnA2M1dYLTJsYi1GQUVZYVZ0?oc=5 | https://www.moneycontrol.com/msite/incred-money/,scraper,,
2026-03-09,PNBHOUSING,PNB Housing Finance Limited,Housing Finance Company,down,-5.11,PNB Housing Finance Limited declined 5.1% after the Stock Exchanges like BSE. (Source: Moneycontrol),Negative Momentum,63,https://www.moneycontrol.com/msite/incred-money/ | https://www.moneycontrol.com/news/business/stocks/indigo-spicejet-asian-paints-slide-up-to-8-as-oil-shock-above-115-hits-crude-sensitive-stocks-13854493.html,scraper,,
2026-03-09,PGEL,PG Electroplast Limited,Consumer Electronics,down,-5.1,PG Electroplast Limited declined 5.1% after the Stock Exchanges like BSE. (Source: Moneycontrol),Negative Momentum,63,https://www.moneycontrol.com/msite/incred-money/ | https://www.moneycontrol.com/news/business/stocks/indigo-spicejet-asian-paints-slide-up-to-8-as-oil-shock-above-115-hits-crude-sensitive-stocks-13854493.html,scraper,,
2026-03-09,FIVESTAR,Five-Star Business Finance Limited,Non Banking Financial Company (NBFC),down,-5.08,Five-Star Business Finance Limited declined 5.1% after the Stock Exchanges like BSE. (Source: Moneycontrol),Negative Momentum,63,https://www.moneycontrol.com/msite/incred-money/ | https://www.moneycontrol.com/news/business/stocks/indigo-spicejet-asian-paints-slide-up-to-8-as-oil-shock-above-115-hits-crude-sensitive-stocks-13854493.html,scraper,,
2026-03-09,HINDPETRO,Hindustan Petroleum Corporation Limited,Refineries & Marketing,down,-5.03,Hindustan Petroleum Corporation Limited declined 5.0% after the Stock Exchanges like BSE. (Source: Moneycontrol),Negative Momentum,63,https://www.moneycontrol.com/msite/incred-money/ | https://www.moneycontrol.com/news/business/stocks/indigo-spicejet-asian-paints-slide-up-to-8-as-oil-shock-above-115-hits-crude-sensitive-stocks-13854493.html,scraper,,
2026-03-10,TEJASNET,Tejas Networks Limited,Telecom - Equipment & Accessories,up,7.45,Tejas Networks Limited surged 7.5% after past performance of any securities in no way guarantees the performance of the security or provides any assurance of returns to investors. (Source: Moneycontrol),General News,79,https://www.moneycontrol.com/india/stockpricequote/telecommunications-equipment/tejasnetworks/TN | https://www.moneycontrol.com/msite/incred-money/,scraper,,
2026-03-10,CGCL,Capri Global Capital Limited,Non Banking Financial Company (NBFC),up,6.49,Capri Global Capital Limited surged 6.5% after the Stock Exchanges like BSE. (Source: Moneycontrol),General News,63,https://www.moneycontrol.com/msite/incred-money/ | https://www.moneycontrol.com/news/business/stocks/bank-nifty-rises-nearly-1-5-as-banking-stocks-extend-rebound-icici-bank-hdfc-bank-federal-bank-lead-gains-13855535.html,scraper,,
2026-03-10,CHAMBLFERT,Chambal Fertilizers & Chemicals Limited,Fertilizers,up,6.28,Chambal Fertilizers & Chemicals Limited surged 6.3% after the Stock Exchanges like BSE. (Source: Moneycontrol),General News,63,https://www.moneycontrol.com/msite/incred-money/ | https://www.moneycontrol.com/news/business/stocks/bank-nifty-rises-nearly-1-5-as-banking-stocks-extend-rebound-icici-bank-hdfc-bank-federal-bank-lead-gains-13855535.html,scraper,,
2026-03-10,DEEPAKFERT,Deepak Fertilizers and Petrochemicals Corporation Limited,Commodity Chemicals,up,5.91,Deepak Fertilizers and Petrochemicals Corporation Limited surged 5.9% after the Stock Exchanges like BSE. (Source: Moneycontrol),General News,63,https://www.moneycontrol.com/msite/incred-money/ | https://www.moneycontrol.com/news/business/stocks/bank-nifty-rises-nearly-1-5-as-banking-stocks-extend-rebound-icici-bank-hdfc-bank-federal-bank-lead-gains-13855535.html,scraper,,
2026-03-10,DIXON,Dixon Technologies (India) Limited,Consumer Electronics,up,5.79,Dixon Technologies (India) Limited surged 5.8% after the Stock Exchanges like BSE. (Source: Moneycontrol),General News,63,https://www.moneycontrol.com/msite/incred-money/ | https://www.moneycontrol.com/news/business/stocks/bank-nifty-rises-nearly-1-5-as-banking-stocks-extend-rebound-icici-bank-hdfc-bank-federal-bank-lead-gains-13855535.html,scraper,,
2026-03-10,SHRIRAMFIN,Shriram Finance Limited,Non Banking Financial Company (NBFC),up,5.64,Shriram Finance Limited surged 5.6% after the Stock Exchanges like BSE. (Source: Moneycontrol),General News,63,https://www.moneycontrol.com/msite/incred-money/ | https://www.moneycontrol.com/news/business/stocks/bank-nifty-rises-nearly-1-5-as-banking-stocks-extend-rebound-icici-bank-hdfc-bank-federal-bank-lead-gains-13855535.html,scraper,,
2026-03-12,ADANIPOWER,Adani Power Limited,Integrated Power Utilities,up,7.89,Adani Power Limited surged 7.9% after the Stock Exchanges like BSE. (Source: Moneycontrol),General News,63,https://www.moneycontrol.com/msite/incred-money/ | https://www.moneycontrol.com/news/business/stocks/solar-wind-stocks-surge-up-to-14-as-crude-oil-price-spike-and-gulf-tensions-boost-renewable-energy-bets-13858182.html,scraper,,
2026-03-12,ATGL,Adani Total Gas Limited,LPG/CNG/PNG/LNG Supplier,up,7.51,Adani Total Gas Limited surged 7.5% after the Stock Exchanges like BSE. (Source: Moneycontrol),General News,63,https://www.moneycontrol.com/msite/incred-money/ | https://www.moneycontrol.com/news/business/stocks/solar-wind-stocks-surge-up-to-14-as-crude-oil-price-spike-and-gulf-tensions-boost-renewable-energy-bets-13858182.html,scraper,,
2026-03-12,JSWENERGY,JSW Energy Limited,Power Generation,up,6.35,JSW Energy Limited surged 6.3% after the Stock Exchanges like BSE. (Source: Moneycontrol),General News,63,https://www.moneycontrol.com/msite/incred-money/ | https://www.moneycontrol.com/news/business/stocks/solar-wind-stocks-surge-up-to-14-as-crude-oil-price-spike-and-gulf-tensions-boost-renewable-energy-bets-13858182.html,scraper,,
2026-03-12,DEVYANI,Devyani International Limited,Restaurants,up,6.11,"Devyani International Limited surged 6.1% after building India’s future workforce - ET Education <a href=""https. (Source: Economic Times Markets)",General News,71,https://news.google.com/rss/articles/CBMi6gFBVV95cUxOUnJWYmtiNmtMYl85TldqaElWbFZQNzc4dDhGUFlpalVSLWNCVDBEcm5pOUYxLTVMZlRpQV84eXZWd0hIWFZnYlJ2a0poWHF6a01SbEh6SW9lOWJaMzZkNlVfOEhNdTN5LWVXLVVVb3B5OVU1OUtsTFlmLVNfeEJIa1o0Unk5VHJhemhmZ3h5UWtEOEVfcnpDS2tyc0dFblVWLTl0UTJoWkFMTjljNEExVWJ0WDJBSy1Pdmt3czdXTXQzcVJjSGRnaHdxUGhIUWdxbjFEX09acFQtMi16SVc0UDdIcTd1dlhUTHfSAe8BQVVfeXFMTk5rWGQ0T081SnpjN3lZQW5ROHlpMl9EYVZIVkMwdjcxa3VyN0hrSVZMREFzYzNLSUlEV0dhSkNVVVg2UFNmaXpMeGszQWdDYnhIZ3lnX05oRmc3UU9WZmxUd2NZR2RRT2pFUXVRMTQ4R05iZlNWSGNRNkRoSU5LeUwxUC1sRmFlZVpSYnV4WDllUGFNT0ZDRmlhQzJBLXhWNGV0bGFQT1lBckRzTFJYT25ZejhCSHNWQ0hvQS1ySUxSLVJCOEJYNVA2TXV3ODJ5SGs3OVFnTU5KTW1UZVhXRjEyZXdmWFk2NjZkN1Z4d2c?oc=5 | https://www.moneycontrol.com/msite/incred-money/,scraper,,
2026-03-12,COALINDIA,Coal India Limited,Coal,up,5.2,Coal India Limited surged 5.2% after the Stock Exchanges like BSE. (Source: Moneycontrol),General News,63,https://www.moneycontrol.com/msite/incred-money/ | https://www.moneycontrol.com/news/business/stocks/solar-wind-stocks-surge-up-to-14-as-crude-oil-price-spike-and-gulf-tensions-boost-renewable-energy-bets-13858182.html,scraper,,
2026-03-12,SRF,SRF Limited,Specialty Chemicals,up,5.08,SRF Limited surged 5.1% after the Stock Exchanges like BSE. (Source: Moneycontrol),General News,63,https://www.moneycontrol.com/msite/incred-money/ | https://www.moneycontrol.com/news/business/stocks/solar-wind-stocks-surge-up-to-14-as-crude-oil-price-spike-and-gulf-tensions-boost-renewable-energy-bets-13858182.html,scraper,,
2026-03-12,PPLPHARMA,Piramal Pharma Limited,Pharmaceuticals,down,-6.38,Piramal Pharma Limited declined 6.4% after the Stock Exchanges like BSE. (Source: Moneycontrol),Negative Momentum,63,https://www.moneycontrol.com/msite/incred-money/ | https://www.moneycontrol.com/news/business/stocks/solar-wind-stocks-surge-up-to-14-as-crude-oil-price-spike-and-gulf-tensions-boost-renewable-energy-bets-13858182.html,scraper,,
2026-03-12,TEJASNET,Tejas Networks Limited,Telecom - Equipment & Accessories,down,-5.84,Tejas Networks Limited declined 5.8% after the Stock Exchanges like BSE. (Source: Moneycontrol),Negative Momentum,63,https://www.moneycontrol.com/msite/incred-money/ | https://www.moneycontrol.com/news/business/stocks/solar-wind-stocks-surge-up-to-14-as-crude-oil-price-spike-and-gulf-tensions-boost-renewable-energy-bets-13858182.html,scraper,,
2026-03-12,INDUSINDBK,IndusInd Bank Limited,Private Sector Bank,down,-5.38,IndusInd Bank Limited declined 5.4% after the Stock Exchanges like BSE. (Source: Moneycontrol),Negative Momentum,63,https://www.moneycontrol.com/msite/incred-money/ | https://www.moneycontrol.com/news/business/stocks/solar-wind-stocks-surge-up-to-14-as-crude-oil-price-spike-and-gulf-tensions-boost-renewable-energy-bets-13858182.html,scraper,,
2026-03-12,TVSMOTOR,TVS Motor Company Limited,2/3 Wheelers,down,-5.35,TVS Motor Company Limited declined 5.3% after the Stock Exchanges like BSE. (Source: Moneycontrol),Negative Momentum,63,https://www.moneycontrol.com/msite/incred-money/ | https://www.moneycontrol.com/news/business/stocks/solar-wind-stocks-surge-up-to-14-as-crude-oil-price-spike-and-gulf-tensions-boost-renewable-energy-bets-13858182.html,scraper,,
2026-03-12,CHOLAHLDNG,Cholamandalam Financial Holdings Limited,Investment Company,down,-5.31,Cholamandalam Financial Holdings Limited declined 5.3% after the Stock Exchanges like BSE. (Source: Moneycontrol),Negative Momentum,63,https://www.moneycontrol.com/msite/incred-money/ | https://www.moneycontrol.com/news/business/stocks/solar-wind-stocks-surge-up-to-14-as-crude-oil-price-spike-and-gulf-tensions-boost-renewable-energy-bets-13858182.html,scraper,,
2026-03-12,AMBER,Amber Enterprises India Limited,Household Appliances,down,-5.17,Amber Enterprises India Limited declined 5.2% after gas supply. (Source: Moneycontrol),Negative Momentum,71,https://news.google.com/rss/articles/CBMi_gFBVV95cUxOaUE0YlJvWXZ0cE9qXzhWd1E2WkxwLVktYkY4cWh6elA5Sjkwbkx2akhiLTVfZEFkWnR3LU5uWUYtV3VsbS1taVMzbzhLdVhjSUFjZXJhem9uM2VHWmpxNTNtNlVrTmZnVDFPRm9lSEF0REtEWlIzZGNFOXFWNUhwaWdTbXpYamY4aUpsT2ExVWVJeWZMWWJyek9FSk5kemF0Njd2UENQeEFXQkZYMnRUNG9nbGZYa1dCdExxUm9fRTZXdFNMaVNKOHFNT1dlYWlhb1JpZWg3ZmNON1U0Z3JhT29HV0ZERTB1QXBkNm9OaUxTR3VxU1QtQ2h0WFp5d9IBgwJBVV95cUxPVUgzMGJqcUI3SXdGY2pQRDNTUXQyMkxkUHhoRlNvRmw2eFBGWVJ3TjZtRHNVT0UwNTBySnA4Y29uUV9scm1EYVlVaE02UWRZUE1ZbHFrTEs1MkxpZW1UVFlnay1mMFhyWnppNF9mUm1OQW53TGdMZWpscTNMbWNhNThIN1pCTHdVa0M0amlSdHpzNTg4cEJBcGc0SVFnR3lNUTBNeXJsSUZGOGl1ZFIwSzczWXctaHpMakJXWlVfOTJEWjVSWFN0UmQ3Qnd0cWhqaUROLXVjOV9zZkpySnBhSVlPaVZuVEpGZ3UyeV9kT1ItZlVGd1FJZ1pWT01UUml4UWhF?oc=5 | https://www.moneycontrol.com/msite/incred-money/,scraper,,
2026-03-13,IFCI,IFCI Limited,Financial Institution,up,5.84,IFCI Limited surged 5.8% after Market View. (Source: Moneycontrol),General News,71,https://news.google.com/rss/articles/CBMia0FVX3lxTFBCNHBiS0k1b0l3Ui1lZGxoalFiTlI4MDVaWURuVGFhMlI4RTR1RjgwakplSXdqZklyTUh3M21Cejg5OEJidDdsNEtOX0NyWC1LN010VDZwSnV3Z25Qb0NVRi1XZjZSQzdBTHpz?oc=5 | https://news.google.com/rss/articles/CBMi0gFBVV95cUxNOVRKVkpKSy1Jb0JyS1FjSVFHWmJ0T0VseUl1YzdkdkhfZDhsWUNWelRhVjJURnkzSzlKWUhmcGxxYlg2b1Uxd2lUTmtqOThxV2JSSDAzYmlaZ2FjYzRlSTNhUHc1ZHdJVGh6OU9ncVlSanAta1M4S25PNVBzTFBOWC0wVVpPRFJQWjJMVWtoOUJqREM2NHdaWXkweTZzWTVyNG1SZWlDVG10U0ktYldtZUlfTWU0c3dhbDh6Y29tMHVQOGotOEg2dnpGV2FxWExRMkHSAdcBQVVfeXFMUEZUcVZqSGZzZFB4czltNEh4X0xwVE80RE41UEhpUXZmdG43eFBBS2hPOVhCa185RUgtYWF2NlpVRWY5UnI1cGNEUGdqNmFPWHQwRndfeWllOVRwM0dtdVRFSVh4OUFFcC1vWXVRNmlmYVJaeHJvMmxFZjkxNHU3NTJpRnUwWEMySDZzVGgwb29HRHpPeWM3MnNGbURtbGZvM2wzTTFzWVpKdkFRRDlyVm9PRnVjUGFRc0NkdWtKTjBIM1Y1UkZIX3N5VjBWZUc1SUk5WE9GOGc?oc=5,scraper,,
2026-03-13,WOCKPHARMA,Wockhardt Limited,Pharmaceuticals,down,-5.99,Wockhardt Limited declined 6.0% after Market View. (Source: Moneycontrol),Negative Momentum,55,https://news.google.com/rss/articles/CBMickFVX3lxTFBkY1hwVGUwdTJhUFZFeTJneEx1QVpaSWo0a0JNWmcteDJMWTFCN2lNWXFXckk2RFVXZGRCdTVmQm96YmdUOGh4UVpXOHRSLXVCcUxQRlJZMTZ5RU1OdWh0dHVXV2xzZEVNMjdGNVBWX2ZBQQ?oc=5 | https://economictimes.indiatimes.com/markets/stocks/defence-stock-solar-industries-shows-bullish-breakout-despite-weak-markets-ruchit-jain-of-motilal-oswal/videoshow/129319108.cms,scraper,,
2026-03-13,MRPL,Mangalore Refinery and Petrochemicals Limited,Refineries & Marketing,down,-5.78,Mangalore Refinery and Petrochemicals Limited declined 5.8% after US waiver - Moneycontrol. (Source: Moneycontrol),Negative Momentum,55,https://news.google.com/rss/articles/CBMitwFBVV95cUxQQWVaMjdfSUZ6NkNZSDhSTmRDN3BNQV83eUhWQ1ZHMHNQSWZZckVpSDUySnZaRlFTLXZaQUVPdXhLMlBENk53OXdFQUl6ZG9Sd0xXTVg3R21rNV9JTWUxR2VUWHJ6Q1VOZC15dk0yMXloSFFwMFQxSEdQZG8wZGNZZXNlS3lzaWxGaWo5eW85VHpWNjFIREhTUVg5dmNpMUl6YTl6b3VFdGl6TGJjQ0t2ZFh6ak1URkXSAbwBQVVfeXFMTXJ5cUF0allMbFVFS01ua1M3YlEzZ2FjVTJaYTZkV2xDc01qb3lKb005SmhtekRjZEdxYmRZdVFJUG5GYVdLU1puMkZod3BtOVdKQ2ZpeXAyNVdpaE4yaTd6LXd3cjVQNE9GWFdDaGNaZTBuMmFoT2dEM1NZSFlfRGhJbWtUbHZVLTJ6QTRmRmVsNkI2TEk4SlNvenJkUHRLWTAybnItajExbE5yWElxbzFoNGZJVU1NanUwVlU?oc=5 | https://news.google.com/rss/articles/CBMioAFBVV95cUxOT3ZJN0hGT2Q5dmhkSFhpQ2ROVmZRQ3FFLXB6R2h1dmw0eTBqem1WQWlnT240MGxpcGhNNkN5NWZhcG5iX3ZLdDhLamNULWdxWnhoNVV3cXVELW1RVU1WaDJYNFMtbzdPdU1DRmh5ZUFud0xHeHlRbDhEZDVMemYtanZkWmVsS1JkVkVNbDNtU25uYW5PbWNxZWNpQWVmeDF2?oc=5,scraper,,
2026-03-13,NATIONALUM,National Aluminium Company Limited,Aluminium,down,-5.74,National Aluminium Company Limited declined 5.7% after Market View. (Source: Moneycontrol),Negative Momentum,55,https://news.google.com/rss/articles/CBMibEFVX3lxTFBJdVk5UUJPSURDeEI1XzZJSElacGgxdHFMd0RDblpMaHVhNmRpTXFvNEt2dVJBaUF5bmhTbE9sM0pqdVlJT1gwbEV5dUtXY053TVNDc1kyMXNRclJteGRNYkxqanQ3OWpQalVsSA?oc=5 | https://economictimes.indiatimes.com/markets/stocks/defence-stock-solar-industries-shows-bullish-breakout-despite-weak-markets-ruchit-jain-of-motilal-oswal/videoshow/129319108.cms,scraper,,
2026-03-13,HINDALCO,Hindalco Industries Limited,Aluminium,down,-5.13,Hindalco Industries Limited declined 5.1% after February 23 - Moneycontrol. (Source: Moneycontrol),Negative Momentum,55,https://news.google.com/rss/articles/CBMitgFBVV95cUxQZkppaHZhRUJDdW9vMmJUTk9iNk91R2ZEMUFSdzd1WVZGelV3bmNFVUN4Zk41U0tTWUVQckh4Y2E3dFI1MlJnNjJiNUhDV0txdlkyS2VjZUFXbENfTU9mXzJlMmJTenQ0T1hiNGRWckZkcmliLU5xNTRRblRfbndkcExfTHYtVncya29LRzdsM2daUl80VGE5d25CUDBfVVprTThpTjh5dzY5TG9OUTd4cDBjQkdhd9IBqgFBVV95cUxOTG1FMGIwWjctVXd0UXVxaGtkVzdDMWtlWlYxYmFmaE4tOUhFeFRjMXdPZnNOYXo2ZFNmZzVFNlN3MjgzTW01bms5b0lsNlZKa2psQ0dLVXpxUHhvTzJtRzIxLXNGUWJKZWF4OFFWYy1qLTFwcU5FUmtYcjV2OHIxSmdhSzVrWEtZbTNIeFdDUnJQelliX3dvZHVodTdvdXdRN2w1MFBIcWtZZw?oc=5 | https://news.google.com/rss/articles/CBMiuwJBVV95cUxQalF2U2k1Z0I4czh1d0hFQXc1RkVIT2pxbDdqM05OU0JtZ3FaUDc2QWZqMDFOZlhEZU5hOG1hQXBUbjNoeHVuSjlZbFNNaEo2a1JJS2ZoeDhZN0Y0M1ZsYkdwWlViV0JmZ21IOTY4T2NGRXBwcEU1Nm04Q05UdjVfT0tBRGdLaWoyWjNjXzJzZmgtNkwyRjRtR3VyVS0ySEJmWVVqY3hMemMtVXYzY0FUQlFremtuTGdXQm02UVhZNGtxYzh1aWVxMjMtZVRrNmV6V3N2Y1V3YThPNlZoZUJpbDNSdnNtOUVUUWV6ZGxaeHFfSmQ2NVpWOUlPWU5nUU1uZ0Q0WVN1WjhmM1JhcjkzaVU3OHVjYldzMUxtVFBZdFBTT2tDcWNMZUJQamliZ0xzLW1sSHJlNzJjUVnSAcACQVVfeXFMT0Y2MU15SDNWQlk3WFp6R05YY3AxdUE2WTZsVzdNQXNrWkZjSDkzdkthZmhyNkNfQjJaS2xwWEQ5WDg4X0gzVlVVRUs1TTVjbF9rMXZscm9kWUVnc0JfZ2t4UW9iQUstYVRpeEJuUkJLZW9uQzFRVjE4dWFnQU1BS1ZOTzJMUUs3U2dHV1ZJcXdEVV9fUmhUNjZfZVdyYWhxNEF0WGQ0UHc0QzFEX2lyUG10dmttTXgxSENKWGNfNV9SaVNGd3U3NUQxNTBJdGw2X1lQYjZNeVJMaVNKRHNnSEt6ckczUXVzTV9kRnM1azBLVUlBbTFwVGN0VzZQY1lsVk4yUjAzeTI0QnNfUjdUVVpOZlpUa0lqSmFzWWZ4ejlfd29Uel9BdE5JSXh6VVJoQlhyX2E3a05SemZOaEVyZ2o?oc=5,scraper,,
2026-03-13,LAURUSLABS,Laurus Labs Limited,Pharmaceuticals,down,-5.09,Laurus Labs Limited declined 5.1% after Market View. (Source: Moneycontrol),Negative Momentum,55,https://news.google.com/rss/articles/CBMipwFBVV95cUxNdlYxTmUwLWJVS1JuQzdFdVVZUy12d1Boc1ZjZ3ZEb1lqUjUteklPcDNLcE1SbHNKODlkSm5LX2R3aHhYZm1PVlNjcllhUTkzMGVxTHFwcFFFWVFrRFRDQkFEc2xuQnNfaTZsaGxXQkFMX21nT3NhX0FXQ1N1eFhFWGVVR2xlVFU1dWx5bEh4MEJsalRaajcxWl9kZlcteU5CbDNWT0NGSQ?oc=5 | https://economictimes.indiatimes.com/markets/stocks/defence-stock-solar-industries-shows-bullish-breakout-despite-weak-markets-ruchit-jain-of-motilal-oswal/videoshow/129319108.cms,scraper,,
2026-03-13,SAIL,Steel Authority of India Limited,Iron & Steel,down,-5.05,Steel Authority of India Limited declined 5.0% after shift in LPG distribution - Moneycontrol. (Source: Moneycontrol),Negative Momentum,55,https://news.google.com/rss/articles/CBMixAFBVV95cUxNR09FMmdRRmZWLXN6dVdoTnREZkdBZG1HX1puM0JXU1lERGNTUVFFMmw0ZTNING0wd0RQM2lUU205TW0tNWFaYkxiLUI4UDlsX2xQTFZVV0xLcC13c0xac1N4Ym1jc3U1OEtST3VQNkxNNGxQcVRaREFWVnJPNk9NWlhwMm1DT2RIeHRIbUE3ZndwRWk3bFNhVk5rNlhxYjd1WmNSY3h3Tk1rMzFUWU9TcElMWFRFUTFqOE13SldWX3VLZkFQ?oc=5 | https://news.google.com/rss/articles/CBMimAFBVV95cUxNdmY2dkZlV09QR19ZUUU2Tm92QjJzeVp2b1VwX2xYX2t5NXM2VTk2UVBFdFVKS1NMUkRQR0M3N2JLZUtZY1AxaWpveUFWYi1YNkhyYXJkdnBWMEFUd3FCeVdOM3JPRU5iWGMyYnB4MzBHbmYweUhNX2lMYjhiUjlYTW8zWXlURUN4dk5iSEZVT0RLb2lpcDFzRg?oc=5,scraper,,
2026-03-16,MRPL,Mangalore Refinery and Petrochemicals Limited,Refineries & Marketing,up,8.15,Mangalore Refinery and Petrochemicals Limited surged 8.2% after June quarter earnings. (Source: Moneycontrol),Earnings,71,https://news.google.com/rss/articles/CBMi6wFBVV95cUxPQkhkclJUN1pzeVF2cENHZ3ZMR2xqZ1pxd1Z4QlgxYXE0LTdjc2piVHgzTGZiT3F4WFBMQlVmVEliSnpXcWpqZ0M1STE3VUNpTWpHQXIwdTBjS3hIUjRlZmRZQkZ6dmkyNnhKZHdlN0VhM2RtMTNrZ18weHF5RE13U0ZCNmRYVF9KSWVGbG13N3U0VWJTRGplQmRkb0YzdDUtWlZ0c0ljRC1hc0tWU1ZiLUFaTmJ0ZnJua04waEY2UDRBWC1RazY1ZDE0OWdaWFMyc1dOMmUtLXZ3SHpsZ0F3UTdKYmp4YklfMDdJ0gHwAUFVX3lxTE1lc3VlaEFzV0Z0RHZYMTdiMkFONG52b2RwZHJGT2Z1MzQtc2d6YTAxaU82Y3hyQzB6eEJITHBvbk1FcTZsTUl3SGdNVEtRU0ZfSkV0TDlQYlR3czBNVTZWa3ZUczBMcnlfOU04WV9kRE9NZTZIdW8wbG1nc2pmVnNwWWRON194dEx4eXNDZUZJSnpEWnlaRzRMTzdXMmpBTFFyWV9NSDVFSW16SUUxOUgteEltUF80Z1c1VkhEZ2JidVNRU3IwSmppY29Jb0ZVZWVqd1J4VlUxOVFYZlRkZWpWN013amFtMi1wclY4czdXYw?oc=5 | https://www.moneycontrol.com/msite/incred-money/,scraper,,
2026-03-16,BANDHANBNK,Bandhan Bank Limited,Private Sector Bank,down,-6.69,Bandhan Bank Limited declined 6.7% after the Stock Exchanges like BSE. (Source: Moneycontrol),Negative Momentum,63,https://www.moneycontrol.com/msite/incred-money/ | https://www.moneycontrol.com/news/business/stocks/vodafone-idea-stock-gains-over-2-as-report-says-fresh-investor-interest-from-jsw-st-telemedia-13861392.html,scraper,,
2026-03-16,DEVYANI,Devyani International Limited,Restaurants,down,-5.49,"Devyani International Limited declined 5.5% after building India’s future workforce - ET Education <a href=""https. (Source: Economic Times Markets)",Negative Momentum,71,https://news.google.com/rss/articles/CBMi6gFBVV95cUxOUnJWYmtiNmtMYl85TldqaElWbFZQNzc4dDhGUFlpalVSLWNCVDBEcm5pOUYxLTVMZlRpQV84eXZWd0hIWFZnYlJ2a0poWHF6a01SbEh6SW9lOWJaMzZkNlVfOEhNdTN5LWVXLVVVb3B5OVU1OUtsTFlmLVNfeEJIa1o0Unk5VHJhemhmZ3h5UWtEOEVfcnpDS2tyc0dFblVWLTl0UTJoWkFMTjljNEExVWJ0WDJBSy1Pdmt3czdXTXQzcVJjSGRnaHdxUGhIUWdxbjFEX09acFQtMi16SVc0UDdIcTd1dlhUTHfSAe8BQVVfeXFMTk5rWGQ0T081SnpjN3lZQW5ROHlpMl9EYVZIVkMwdjcxa3VyN0hrSVZMREFzYzNLSUlEV0dhSkNVVVg2UFNmaXpMeGszQWdDYnhIZ3lnX05oRmc3UU9WZmxUd2NZR2RRT2pFUXVRMTQ4R05iZlNWSGNRNkRoSU5LeUwxUC1sRmFlZVpSYnV4WDllUGFNT0ZDRmlhQzJBLXhWNGV0bGFQT1lBckRzTFJYT25ZejhCSHNWQ0hvQS1ySUxSLVJCOEJYNVA2TXV3ODJ5SGs3OVFnTU5KTW1UZVhXRjEyZXdmWFk2NjZkN1Z4d2c?oc=5 | https://www.moneycontrol.com/msite/incred-money/,scraper,,
2026-03-16,FSL,Firstsource Solutions Limited,Business Process Outsourcing (BPO)/ Knowledge Process Outsourcing (KPO),down,-5.38,Firstsource Solutions Limited declined 5.4% after the Stock Exchanges like BSE. (Source: Moneycontrol),Negative Momentum,63,https://www.moneycontrol.com/msite/incred-money/ | https://www.moneycontrol.com/news/business/stocks/vodafone-idea-stock-gains-over-2-as-report-says-fresh-investor-interest-from-jsw-st-telemedia-13861392.html,scraper,,
2026-03-16,GESHIP,The Great Eastern Shipping Company Limited,Shipping,down,-5.32,The Great Eastern Shipping Company Limited declined 5.3% after the Stock Exchanges like BSE. (Source: Moneycontrol),Negative Momentum,63,https://www.moneycontrol.com/msite/incred-money/ | https://www.moneycontrol.com/news/business/stocks/vodafone-idea-stock-gains-over-2-as-report-says-fresh-investor-interest-from-jsw-st-telemedia-13861392.html,scraper,,
